,precision,recall,f1-score,support
fake,0.5714285714285714,0.4745762711864407,0.5185185185185185,59.0
real,0.46551724137931033,0.5625,0.5094339622641509,48.0
accuracy,0.514018691588785,0.514018691588785,0.514018691588785,0.514018691588785
macro avg,0.5184729064039408,0.5185381355932204,0.5139762403913347,107.0
weighted avg,0.5239169467335758,0.514018691588785,0.5144432035632882,107.0
