,precision,recall,f1-score,support
fake,1.0,0.576271186440678,0.7311827956989247,59.0
real,0.6575342465753424,1.0,0.7933884297520661,48.0
accuracy,0.7663551401869159,0.7663551401869159,0.7663551401869159,0.7663551401869159
macro avg,0.8287671232876712,0.788135593220339,0.7622856127254954,107.0
weighted avg,0.8463705031366022,0.7663551401869159,0.7590881268629508,107.0
