{
  "CNN (Deep Learning)": {
    "accuracy": 1.0,
    "precision": 1.0,
    "recall": 1.0,
    "f1_score": 1.0,
    "epochs": 20,
    "batch_size": 64,
    "learning_rate": 0.001,
    "architecture": "4-layer CNN (32\u219264\u2192128\u2192256) + FC (512\u2192256\u21927)",
    "training_history": {
      "train_acc": [
        0.152,
        0.1757142857142857,
        0.30714285714285716,
        0.6865714285714286,
        0.8465714285714285,
        0.9465714285714286,
        0.9642857142857143,
        0.9842857142857143,
        0.9885714285714285,
        0.9902857142857143,
        0.9882857142857143,
        0.9911428571428571,
        0.9902857142857143,
        0.9731428571428572,
        0.9862857142857143,
        0.9931428571428571,
        0.9902857142857143,
        0.9942857142857143,
        0.9948571428571429,
        0.9931428571428571
      ],
      "val_acc": [
        0.16857142857142857,
        0.23,
        0.33714285714285713,
        0.7071428571428572,
        0.93,
        0.8242857142857143,
        0.9985714285714286,
        0.9985714285714286,
        1.0,
        0.8485714285714285,
        0.9742857142857143,
        0.9928571428571429,
        0.88,
        0.9928571428571429,
        1.0,
        1.0,
        0.9985714285714286,
        0.9985714285714286,
        1.0,
        1.0
      ],
      "train_loss": [
        1.9966367857796805,
        1.9223758919579643,
        1.6255817700794766,
        0.758820363010679,
        0.3788810635975429,
        0.15052376151936395,
        0.10011094549724034,
        0.046005405834742955,
        0.03884686795143145,
        0.0300514092700822,
        0.034966712708984105,
        0.026609253403863737,
        0.027910823439913135,
        0.07925942237089788,
        0.04001630461109536,
        0.018679636808744234,
        0.02224049974126475,
        0.0159139978736639,
        0.015271636186699782,
        0.020414081697751368
      ],
      "val_loss": [
        1.9459092215129308,
        1.8147156490598406,
        1.3925176565987722,
        0.6489636601933412,
        0.19823927358258517,
        0.4825173531978258,
        0.004979205423566912,
        0.008209938836184196,
        0.0033814078136830566,
        0.7699891439296906,
        0.07408890207165054,
        0.017006086107719188,
        0.5419806201965214,
        0.02249312597089946,
        0.0043381334136938675,
        7.295942333647482e-06,
        0.005664811349394897,
        0.002491676679208967,
        5.717766995855657e-05,
        0.00024702949593119125
      ]
    }
  },
  "Random Forest": {
    "accuracy": 0.7743,
    "precision": 0.7701,
    "recall": 0.7743,
    "f1_score": 0.7708
  },
  "SVM": {
    "accuracy": 0.65,
    "precision": 0.6638,
    "recall": 0.65,
    "f1_score": 0.6512
  },
  "Logistic Regression": {
    "accuracy": 0.8329,
    "precision": 0.8327,
    "recall": 0.8329,
    "f1_score": 0.8324
  }
}