Metric,Value
RMSE,0.0045725267908213706
MAE,0.003142334512483004
R2 Score,0.7661233318896359
